{"stat.walkOneCm":404,"achievement.openInventory":3,"stat.pickup.minecraft.redstone_torch":1,"stat.flyOneCm":2310,"stat.swimOneCm":857,"stat.jump":7,"stat.playOneMinute":1841,"stat.sneakTime":75,"stat.useItem.minecraft.chromaticengineering":1,"stat.crouchOneCm":28,"stat.timeSinceDeath":1841,"stat.useItem.minecraft.stone_slab2":3,"stat.useItem.minecraft.redstone_ore":3,"achievement.exploreAllBiomes":{"value":0,"progress":["Forest","Plains","Taiga"]},"stat.diveOneCm":289,"stat.useItem.minecraft.water_bucket":3}