{"stat.flyOneCm":12791,"stat.pickup.minecraft.lever":2,"stat.walkOneCm":22817,"stat.jump":26,"stat.playOneMinute":6744,"stat.useItem.minecraft.lever":2,"achievement.openInventory":6,"stat.pickup.minecraft.redstone_torch":1,"stat.useItem.minecraft.redstone":21,"stat.sneakTime":238,"stat.damageDealt":104,"stat.pickup.minecraft.redstone":4,"stat.crouchOneCm":376,"stat.timeSinceDeath":6744,"stat.sprintOneCm":107,"stat.useItem.minecraft.stone_slab2":84,"achievement.exploreAllBiomes":{"value":0,"progress":["Plains"]}}